match_id,minute,goals_home,goals_away,shots_home,shots_away,xg_home,xg_away,fouls_home,fouls_away,goals_total,shots_total,xg_total,fouls_total,target
1001,15,0,0,2,1,0.15,0.1,3,2,0,3,0.25,5,0
1001,30,1,0,5,2,0.6,0.25,6,4,1,7,0.85,10,1
1001,45,1,0,7,3,0.9,0.4,9,6,1,10,1.3,15,0
1001,60,1,1,9,6,1.3,1.0,12,9,2,15,2.3,21,1
1002,20,0,0,1,2,0.1,0.2,2,3,0,3,0.30000000000000004,5,0
1002,40,0,1,3,5,0.3,0.7,5,8,1,8,1.0,13,1
1002,60,1,1,6,6,0.8,0.9,9,10,2,12,1.7000000000000002,19,1
